"DESCRIPTION","DURATION IN MS","NAME","PARENT SUITE","START TIME","STATUS","STOP TIME","SUB SUITE","SUITE","TEST CLASS","TEST METHOD"
"","18000","_12_InsertMaterialFromSearchIntoOperation","","Thu Feb 13 13:46:24 UTC 2025","passed","Thu Feb 13 13:46:42 UTC 2025","","Syteline","Syteline",""
"","46000","_06_UpdatePartStructure","","Tue Apr 01 11:27:21 UTC 2025","failed","Tue Apr 01 11:28:07 UTC 2025","","WindchillTestPlan","WindchillTestPlan",""
"","51000","_01_SettingUpCADTalk","","Fri Apr 04 10:38:59 UTC 2025","passed","Fri Apr 04 10:39:50 UTC 2025","","IFS_Apps10_EngPart","IFS_Apps10_EngPart",""
"","57000","_03_Login","","Fri Apr 04 10:38:59 UTC 2025","passed","Fri Apr 04 10:39:56 UTC 2025","","IFS_Apps10_EngPart","IFS_Apps10_EngPart",""
"","15000","_11_DeleteTheOperation","","Thu Feb 13 13:46:24 UTC 2025","passed","Thu Feb 13 13:46:39 UTC 2025","","Syteline","Syteline",""
"","22000","_04_UpdateExistingItem","","Thu Feb 13 13:46:24 UTC 2025","passed","Thu Feb 13 13:46:46 UTC 2025","","Syteline","Syteline",""
"","19000","_06_UpdateTheExistingOperation","","Thu Feb 13 13:46:24 UTC 2025","passed","Thu Feb 13 13:46:43 UTC 2025","","Syteline","Syteline",""
"","32000","_04_CreateEnggPart","","Fri Apr 04 10:38:59 UTC 2025","passed","Fri Apr 04 10:39:31 UTC 2025","","IFS_Apps10_EngPart","IFS_Apps10_EngPart",""
"","47000","_01_SettingUpCADTalk","","Fri Apr 04 08:48:49 UTC 2025","failed","Fri Apr 04 08:49:36 UTC 2025","","Arena Test Plan","Arena Test Plan",""
"","52000","_07_DeleteRevision","","Wed Mar 26 06:46:06 UTC 2025","passed","Wed Mar 26 06:46:58 UTC 2025","","IFSCloudEngPart","IFSCloudEngPart",""
"","60000","_18_DragAndDropForMaterials","","Thu Feb 13 13:46:24 UTC 2025","passed","Thu Feb 13 13:47:24 UTC 2025","","Syteline","Syteline",""
"","14000","_05_UpdateExistingItem","","Fri Apr 04 08:48:49 UTC 2025","failed","Fri Apr 04 08:49:03 UTC 2025","","Arena Test Plan","Arena Test Plan",""
"","21000","_07_RevisionsLoadInCorrectOrder","","Fri Apr 04 10:38:59 UTC 2025","passed","Fri Apr 04 10:39:20 UTC 2025","","IFS_Apps10_EngPart","IFS_Apps10_EngPart",""
"","19000","_05_AddNewRevision","","Wed Mar 26 06:46:06 UTC 2025","passed","Wed Mar 26 06:46:25 UTC 2025","","IFSCloudEngPart","IFSCloudEngPart",""
"","39000","_10_InsertOperationAfterCurrent","","Thu Feb 13 13:46:24 UTC 2025","passed","Thu Feb 13 13:47:03 UTC 2025","","Syteline","Syteline",""
"","17000","_08_UpdateTheMaterial","","Thu Feb 13 13:46:24 UTC 2025","passed","Thu Feb 13 13:46:41 UTC 2025","","Syteline","Syteline",""
"","18000","_13_AddMaterialInsideStructure","","Fri Apr 04 10:38:59 UTC 2025","passed","Fri Apr 04 10:39:17 UTC 2025","","IFS_Apps10_EngPart","IFS_Apps10_EngPart",""
"","17000","_15_UpdateMaterialFromSearchIntoTheMaterial","","Thu Feb 13 13:46:24 UTC 2025","passed","Thu Feb 13 13:46:41 UTC 2025","","Syteline","Syteline",""
"","59000","_02_Login","","Wed Mar 26 06:46:06 UTC 2025","passed","Wed Mar 26 06:47:05 UTC 2025","","IFSCloudEngPart","IFSCloudEngPart",""
"","29000","_03_Login","","Fri Apr 04 08:48:49 UTC 2025","failed","Fri Apr 04 08:49:18 UTC 2025","","Arena Test Plan","Arena Test Plan",""
"","61000","_04_CreatePartStructure","","Tue Apr 01 11:27:21 UTC 2025","failed","Tue Apr 01 11:28:22 UTC 2025","","WindchillTestPlan","WindchillTestPlan",""
"","15000","_07_AddManufacturerPart","","Tue Apr 01 11:27:21 UTC 2025","passed","Tue Apr 01 11:27:36 UTC 2025","","WindchillTestPlan","WindchillTestPlan",""
"","25000","_03_CreateNewItem","","Thu Feb 13 13:46:24 UTC 2025","passed","Thu Feb 13 13:46:49 UTC 2025","","Syteline","Syteline",""
"","26000","_07_UpdateExistingBOMItem","","Fri Apr 04 08:48:49 UTC 2025","failed","Fri Apr 04 08:49:15 UTC 2025","","Arena Test Plan","Arena Test Plan",""
"","30000","_03_CreateEnggPart","","Wed Mar 26 06:46:06 UTC 2025","passed","Wed Mar 26 06:46:36 UTC 2025","","IFSCloudEngPart","IFSCloudEngPart",""
"","46000","_03_CreateWTPart","","Tue Apr 01 11:27:21 UTC 2025","passed","Tue Apr 01 11:28:07 UTC 2025","","WindchillTestPlan","WindchillTestPlan",""
"","9000","_08_AddBlankCompUnderRevision","","Wed Mar 26 06:46:06 UTC 2025","failed","Wed Mar 26 06:46:15 UTC 2025","","IFSCloudEngPart","IFSCloudEngPart",""
"","31000","_08_DeleteRevision","","Fri Apr 04 10:38:59 UTC 2025","passed","Fri Apr 04 10:39:30 UTC 2025","","IFS_Apps10_EngPart","IFS_Apps10_EngPart",""
"","30000","_05_UpdateWTPart","","Tue Apr 01 11:27:21 UTC 2025","passed","Tue Apr 01 11:27:51 UTC 2025","","WindchillTestPlan","WindchillTestPlan",""
"","17000","_14_InsertOperationIntoMaterial","","Thu Feb 13 13:46:24 UTC 2025","passed","Thu Feb 13 13:46:41 UTC 2025","","Syteline","Syteline",""
"","10000","_06_AddNewRevisionToPart","","Fri Apr 04 10:38:59 UTC 2025","passed","Fri Apr 04 10:39:09 UTC 2025","","IFS_Apps10_EngPart","IFS_Apps10_EngPart",""
"","25000","_14_DeleteR01_R02","","Fri Apr 04 10:38:59 UTC 2025","passed","Fri Apr 04 10:39:24 UTC 2025","","IFS_Apps10_EngPart","IFS_Apps10_EngPart",""
"","19000","_02_Login","","Thu Feb 13 13:46:24 UTC 2025","passed","Thu Feb 13 13:46:43 UTC 2025","","Syteline","Syteline",""
"","18000","_16_InsertMaterialAfterCurrentIntoTheMaterial","","Thu Feb 13 13:46:24 UTC 2025","passed","Thu Feb 13 13:46:42 UTC 2025","","Syteline","Syteline",""
"","17000","_10_UpdateBlankComponent","","Fri Apr 04 10:38:59 UTC 2025","passed","Fri Apr 04 10:39:16 UTC 2025","","IFS_Apps10_EngPart","IFS_Apps10_EngPart",""
"","29000","_01_SettingUpCADTalk","","Thu Feb 13 13:46:24 UTC 2025","passed","Thu Feb 13 13:46:53 UTC 2025","","Syteline","Syteline",""
"","16000","_09_DeleteTheMaterial","","Thu Feb 13 13:46:24 UTC 2025","passed","Thu Feb 13 13:46:40 UTC 2025","","Syteline","Syteline",""
"","57000","_01_ImportSettings","","Tue Apr 01 11:27:21 UTC 2025","passed","Tue Apr 01 11:28:18 UTC 2025","","WindchillTestPlan","WindchillTestPlan",""
"","11000","_11_DeleteStructureUnderRevision","","Fri Apr 04 10:38:59 UTC 2025","passed","Fri Apr 04 10:39:10 UTC 2025","","IFS_Apps10_EngPart","IFS_Apps10_EngPart",""
"","19000","_04_CreateNewItem","","Fri Apr 04 08:48:49 UTC 2025","failed","Fri Apr 04 08:49:08 UTC 2025","","Arena Test Plan","Arena Test Plan",""
"","15000","_13_InsertOperationIntoOperation","","Thu Feb 13 13:46:24 UTC 2025","passed","Thu Feb 13 13:46:39 UTC 2025","","Syteline","Syteline",""
"","16000","_12_AddMaterialBySearch","","Fri Apr 04 10:38:59 UTC 2025","passed","Fri Apr 04 10:39:15 UTC 2025","","IFS_Apps10_EngPart","IFS_Apps10_EngPart",""
"","44000","_19_ExportSettings","","Thu Feb 13 13:46:24 UTC 2025","passed","Thu Feb 13 13:47:08 UTC 2025","","Syteline","Syteline",""
"","22000","_06_AddBOMItem","","Fri Apr 04 08:48:49 UTC 2025","failed","Fri Apr 04 08:49:11 UTC 2025","","Arena Test Plan","Arena Test Plan",""
"","23000","_07_InsertMaterialIntoTheOperation","","Thu Feb 13 13:46:24 UTC 2025","passed","Thu Feb 13 13:46:47 UTC 2025","","Syteline","Syteline",""
"","13000","_05_UpdateEnggPart","","Fri Apr 04 10:38:59 UTC 2025","passed","Fri Apr 04 10:39:12 UTC 2025","","IFS_Apps10_EngPart","IFS_Apps10_EngPart",""
"","18000","_05_AddNewOperation","","Thu Feb 13 13:46:24 UTC 2025","passed","Thu Feb 13 13:46:42 UTC 2025","","Syteline","Syteline",""
"","18000","_17_InsertMaterialFromSearchIntoMaterial","","Thu Feb 13 13:46:24 UTC 2025","passed","Thu Feb 13 13:46:42 UTC 2025","","Syteline","Syteline",""
"","27000","_04_UpdateEnggPart","","Wed Mar 26 06:46:06 UTC 2025","passed","Wed Mar 26 06:46:33 UTC 2025","","IFSCloudEngPart","IFSCloudEngPart",""
"","31000","_06_LoadRevInCorrectOrder","","Wed Mar 26 06:46:06 UTC 2025","passed","Wed Mar 26 06:46:37 UTC 2025","","IFSCloudEngPart","IFSCloudEngPart",""
"","30000","_02_Login","","Tue Apr 01 11:27:21 UTC 2025","passed","Tue Apr 01 11:27:51 UTC 2025","","WindchillTestPlan","WindchillTestPlan",""
"","16000","_09_AddBlankCompUnderRevision","","Fri Apr 04 10:38:59 UTC 2025","passed","Fri Apr 04 10:39:15 UTC 2025","","IFS_Apps10_EngPart","IFS_Apps10_EngPart",""
"","87000","_15_DeleteMaterial02And001","","Fri Apr 04 10:38:59 UTC 2025","failed","Fri Apr 04 10:40:26 UTC 2025","","IFS_Apps10_EngPart","IFS_Apps10_EngPart",""
